# Name,   Type, SubType, Offset,  Size, Flags
# Note: if you change the phy_init or app partition offset, make sure to change the offset in Kconfig.projbuild
#old
#nvs,      data, nvs,     0x9000,     0x6000,
#phy_init, data, phy,     0xf000,     0x1000,
#factory,  app,  factory, 0x10000,    0x100000,
#storage,  data, spiffs,  0x110000,   0x2E0000,

# Name,     Type, SubType, Offset,     Size
nvs,      data, nvs,     ,        0x6000,
otadata,  data, ota,     ,        0x2000,
phy_init, data, phy,     ,        0x1000,
ota_0,    app,  ota_0,   ,        0x180000,
ota_1,    app,  ota_1,   ,        0x180000,
storage,  data, spiffs,  ,        0x80000,